Продавец;Категории_позиции
НОНТОН.РФ;Мебель ①(корень) · Комплекты мебели ① · Мебель для кухни ① · Комоды и тумбы ② · Шкафы ② (+ Шкаф-купе ①)
ООО «УЮТНАЯ ЛОГИКА»;Шкафы ① · Мебель ②(корень)
MOON FAMILY;Диваны и кресла ①
Divan Boss;Диваны и кресла ②
ГУД ЛАКК;Комоды и тумбы ①
Правила мебели;Комплекты мебели ② · Мебель для кухни ②
SleepShop;Кровати ①
DG-HOME;Кровати ②
Dream Store;Матрасы ①
LAQY;Матрасы ②
Bubble Bag;Мебель бескаркасная ①
GoodPoof;Мебель бескаркасная ②
АБВ;Мебель для бизнеса ①
PRO-MEDIC RU;Мебель для бизнеса ②
FAURAPLUS;Мебель для ванной ①
Сантехника-Онлайн;Мебель для ванной ②
ВСЁ ДЛЯ МЕБЕЛИ;Мебельная фурнитура и комплектующие ①
Millwood;Столы ① · Мебельная фурнитура и комплектующие ②
LAREN;Столы ② (+ Стол обеденный ①)
Официальный магазин GASTRORAG & GEMLUX;Полки и стеллажи ①
TOVEW;Полки и стеллажи ②
Ami;Садовая мебель ① (+ Шатёр ①, Тахта ②, Садовое кресло ②, Шезлонг ②)
Sundays;Садовая мебель ②
ООО «Стул Груп»;Стулья/скамьи/табуреты ① (+ Комплект стульев ①, Садовый стол ①, Барный стол ①)
АйДа Мебель;Стулья/скамьи/табуреты ②
